team,filename,rocket_name,parse_status,motor_designation,motor_found,or_apogee_ft,diameter_in,length_in,mass_found,mass_source,mass_lb,cg_found,cg_in,cp_found,cp_in,stability_cal,stability_category,tier_run,our_apogee_ft,apogee_diff_pct,hazard_zone_ft,motor_class,total_impulse_ns,is_multistage,stage_count,nosecone_type,barrowman_cd,cd_used,override_applied,missing_fields,warnings
005,005_ORK_PR2.ork,005,ok,L1420R,yes,11199,4.09,91.31,yes,databranch_t0,29.725,yes,57.64,yes,68.32,2.610,stable,tier3,10810,-3.5,11315,L,4590.6,no,1,haack,0.5069,barrowman:0.5069,no,,
043,043_UniversityMassachusettsAmherst_PR2_2026.ork,043,ok,M1845NT,yes,8497,6.11,123.01,yes,databranch_t0,47.307,yes,77.80,yes,93.21,2.522,stable,tier3,9061,6.6,8726,M,8066.3,no,1,haack,0.6700,barrowman:0.6700,yes,,override: cd [cd_override: Barrowman 0.4511 underestimates. 2-iter correction = 0.67.]
100,100_ORK_PR2.ork,3.8,ok,M2500T,yes,10356,6.17,115.27,yes,databranch_t0,58.158,yes,76.77,yes,21.65,-8.933,unstable,tier3,12010,16.0,8431,M,9464.3,no,1,ogive,0.3948,barrowman:0.3948,yes,,"override: motor [motor_designation: OR XML has 'M2500T', we matched '9994M3400-P']"
101,101_ORK_PR2.ork,101_ORK_PR2,ok,M1780NT,yes,8277,5.00,89.50,yes,databranch_t0,38.052,yes,55.04,yes,70.90,3.172,stable,tier3,9290,12.2,9734,M,5592.2,no,1,conical,0.5253,barrowman:0.5253,no,,
104,104_ORK_PR2.ork,Havtek OpenRocket IREC,ok,M1850W,yes,10603,5.08,107.87,yes,databranch_t0,49.249,yes,67.44,yes,10.24,-11.264,unstable,tier3,12148,14.6,8806,M,7791.4,no,1,haack,0.4430,barrowman:0.4430,no,,
13,13_ORK_PR2.ork,13_ORK_PR2,ok,M1850W,yes,10357,5.87,104.37,yes,databranch_t0,49.454,yes,63.98,yes,77.35,2.279,stable,tier3,10809,4.4,11243,M,7791.4,no,1,ogive,0.4347,barrowman:0.4347,no,,
15,15_ORK_PR2.ork,Team 15_Aetherion_Progress Report 2,ok,M2500T,yes,10219,6.17,105.92,yes,databranch_t0,65.669,yes,70.16,yes,85.62,2.505,stable,tier3,10070,-1.5,11007,M,9464.3,no,1,haack,0.4586,barrowman:0.4586,no,,
18,18_ORK_PR2.ork,Rocket,ok,M2500T,yes,9576,6.17,170.50,yes,component_sum+geom,51.189,no,,yes,24.33,,,tier3,9016,-5.9,9903,M,9464.3,no,1,haack,0.5377,barrowman:0.5377,no,,
1,1_ORK_PR2.ork,1_ORK_PR2,ok,HP-L1000W,yes,9978,4.00,71.46,yes,databranch_t0,15.432,yes,59.17,yes,8.53,-12.660,unstable,tier3,10699,7.2,6530,L,2702.1,no,1,ogive,0.3792,barrowman:0.3792,no,,
201,201_ORK_PR2.ork,Rocket,ok,O5500X-PS,yes,27281,6.13,111.25,yes,databranch_t0,83.449,yes,75.08,yes,86.93,1.934,stable,tier3,24076,-11.7,22664,O,21395.4,no,1,ogive,0.4619,barrowman:0.4619,no,,
2025,2025-2026_Comp_Rocket_V8.ork,2025-2026_Comp_Rocket_V8,ok,M6000ST,yes,9937,6.00,116.00,yes,databranch_t0,59.582,yes,78.74,yes,16.67,-10.346,unstable,tier3,11030,11.0,7514,M,9604.6,no,1,haack,0.4800,barrowman:0.4800,yes,,"override: motor, cd [motor_designation: OR XML has 'M6000ST', we matched 'M1800FJ'. cd_override: Mach 1.041 transonic â€” Barrowman CD 0.40 underestimates drag. Correction: 0.3980 Ã— (11983/9937) = 0.48.]"
2026,2026_IREC (recent).ork,66_University of Arizona 2026 IREC Vehicle,ok,M1939W,yes,11440,6.26,115.50,yes,databranch_t0,55.594,yes,79.21,yes,93.08,2.215,stable,tier3,12292,7.4,12153,N,10240.9,no,1,haack,0.4855,barrowman:0.4855,no,,
202,202_ORK_PR2.ork,202_ORK_PR2,ok,O5500X-PS,yes,31266,5.15,117.00,yes,databranch_t0,79.073,yes,72.01,yes,86.87,2.886,stable,tier3,28816,-7.8,27396,O,21395.4,no,1,ogive,0.5241,barrowman:0.5241,yes,,"override: motor [motor_designation: OR XML has 'O5500X-PS', we matched 'M4500ST']"
205,205_ORK_PR2.ork,205,ok,O5500X-PS,yes,32135,5.15,123.50,yes,override,55.306,no,,yes,95.57,,,tier3,31095,-3.2,24483,O,21395.4,no,1,haack,0.5926,barrowman:0.5926,yes,,
206,206_ORK_PR2.ork,206,ok,21062O3400-P,yes,27950,6.01,95.14,yes,component_sum+geom,33.371,no,,yes,20.03,,,tier3,29677,6.2,26568,O,20961.8,no,1,haack,0.4000,barrowman:0.4000,yes,,"override: motor, cd [motor_designation confirmed correct (O3400-P). cd_override: rocket reaches Mach 1.732 â€” Barrowman CD 0.33 (subsonic) underestimates drag at supersonic speeds. Effective CD correction: 0.3293 Ã— (34084/27950) = 0.40. Mass (14.68 kg dry + 16.84 kg O3400 = 31.52 kg) is correct; error is purely CD.]"
207,207_ORK_PR2.ork,207 - Aconcagua,ok,O5500X-PS,yes,30562,5.94,107.48,yes,databranch_t0,72.177,yes,65.00,yes,85.27,3.410,stable,tier3,27875,-8.8,24879,O,21395.4,no,1,haack,0.4475,barrowman:0.4475,no,,
208,208_ORK_PR2.ork,Rocket,ok,N4000W-PS,yes,23314,5.15,147.60,yes,component_sum+geom,35.470,no,,yes,119.77,,,tier3,20760,-11.0,18790,N,18278.3,no,1,ogive,0.7029,barrowman:0.7029,no,,
212,212_ORK_PR2.ork,212-VoltaROCKET,ok,O5500X-PS,yes,30790,4.96,125.59,yes,databranch_t0,81.666,yes,82.13,yes,101.41,3.887,stable,tier3,25735,-16.4,24305,O,21395.4,no,1,haack,0.6386,barrowman:0.6386,no,,
214,214_ORK_PR2.ork,214_NittanyRocketLabs,ok,N5500LW,yes,4908,6.12,144.37,yes,databranch_t0,50.318,yes,49.96,yes,114.92,,,tier1_multistage_or,,0.0,1227,N,19137.7,yes,3,haack,0.5525,n/a,no,,"MULTI-STAGE (3 stages, motors: L2200G): using OR stored apogee (full multi-stage sim)"
216,216_ORK_PR2.ork,Rocket,ok,O5500X-PS,yes,29162,6.08,133.60,yes,component_sum+geom,29.576,no,,yes,102.80,,,tier3,25229,-13.5,21105,O,21395.4,no,1,haack,0.5126,barrowman:0.5126,no,,
218,218_ORK_PR2.ork,218_ORK_PR2,ok,O5500X-PS,yes,30450,5.94,112.80,yes,databranch_t0,65.129,yes,86.85,yes,19.82,-11.276,unstable,tier3,33192,9.0,15066,O,21395.4,no,1,haack,0.3846,barrowman:0.3846,no,,
21,21_ORK_PR2.ork,21,ok,M2500T,yes,12534,5.15,108.84,yes,component_sum+geom,31.472,no,,yes,71.48,,,tier3,13505,7.7,13231,M,9464.3,no,1,ogive,0.5709,barrowman:0.5709,no,,
22,22_ORK_PR2.ork,22,ok,M2500T,yes,10477,6.15,130.00,yes,databranch_t0,56.061,yes,83.27,yes,102.22,3.082,stable,tier3,11208,7.0,11350,M,9464.3,no,1,ogive,0.4923,barrowman:0.4923,no,,
23,23_ORK_PR2.ork,first,ok,M2500T,yes,9905,6.46,101.57,yes,component_sum+geom,33.946,no,,yes,86.11,,,tier3,11560,16.7,11346,M,9464.3,no,1,haack,0.4454,barrowman:0.4454,no,,
28,28_ORK_PR2.ork,Serhat ,ok,M1939W,yes,11643,5.91,108.27,yes,databranch_t0,59.386,yes,72.76,yes,89.53,2.840,stable,tier3,12443,6.9,12876,N,10240.9,no,1,haack,0.4865,barrowman:0.4865,no,,
29,29_ORK_PR2.ork,29,ok,M2500T-S,no,10045,6.26,99.53,yes,component_sum+geom,51.137,no,,yes,75.92,,,tier1_no_motor,,,2511,,,no,1,haack,0.4046,n/a,no,motor,
2,2_13_25_FAU_Rocket.ork,Rocket,ok,M2500T,yes,10098,6.20,112.31,yes,databranch_t0,62.823,yes,76.81,yes,22.87,-8.699,unstable,tier3,11455,13.4,8685,M,9464.3,no,1,haack,0.3650,barrowman:0.3650,no,,
2,2_ORK_PR2.ork,Team 2,ok,HP-L1000W,yes,6481,4.00,100.23,yes,databranch_t0,22.924,yes,58.27,yes,14.78,-10.872,unstable,tier3,7047,8.7,5501,L,2702.1,no,1,haack,0.4924,barrowman:0.4924,no,,
301,301_ORK_PR2.ork,301,ok,M2285,no,10160,6.17,129.00,yes,databranch_t0,59.487,yes,88.07,yes,22.00,,,tier1_no_motor,,,2540,,,no,1,ogive,0.4169,n/a,no,motor,
302,302_ORK_PR2.ork,302,ok,N3638,no,11005,6.15,128.50,yes,databranch_t0,71.692,yes,86.85,yes,20.00,,,tier1_no_motor,,,2751,,,no,1,haack,0.4207,n/a,no,motor,
306,306_ORK_PR2.ork,Anubis - Final,ok,N3835,no,11684,6.17,141.50,yes,databranch_t0,74.948,yes,96.42,yes,21.33,,,tier1_no_motor,,,2921,,,no,1,ogive,0.4557,n/a,no,motor,
308,308_ORK_PR2.ork,308,ok,M3091,no,10358,6.12,120.00,yes,databranch_t0,51.339,yes,79.84,yes,90.44,,,tier1_no_motor,,,2589,,,no,1,haack,0.4518,n/a,no,motor,
311,311_ORK_PR2.ork,311_ORK_PR2,ok,M2118,no,10173,6.17,143.16,yes,databranch_t0,57.080,yes,104.37,yes,113.49,,,tier1_no_motor,,,2543,,,no,1,ogive,0.5124,n/a,no,motor,
317,317_ORK_PR2.ork,317,ok,L1177,no,9074,6.13,140.00,yes,databranch_t0,75.610,yes,89.96,yes,105.55,,,tier1_no_motor,,,2269,,,no,1,haack,0.5520,n/a,no,motor,
318,318_ORK_PR2.ork,Pionner I,ok,L980,no,9985,4.02,74.80,yes,databranch_t0,28.565,yes,44.96,yes,55.33,,,tier1_no_motor,,,2496,,,no,1,ogive,0.4604,n/a,no,motor,
31,31_IREC_2025_26 (1).ork,Rocket,ok,M2400T,yes,10767,6.17,112.33,yes,component_sum,35.152,no,,yes,89.54,,,tier3,9842,-8.6,10185,M,7541.1,no,1,haack,0.4470,barrowman:0.4470,no,,
31,31_ORK_PR2.ork,Rocket,ok,L2200G,yes,11038,4.52,113.75,yes,component_sum+geom,18.823,no,,yes,8.50,,,tier3,11075,0.3,10836,L,5097.6,no,1,ogive,0.5185,barrowman:0.5185,yes,,"override: motor [motor_designation: OR XML has 'L2200G', we matched 'K2050ST']"
37,37_ORK_PR2.ork,Team 37,ok,M2500T,yes,11052,6.14,136.00,yes,databranch_t0,60.127,yes,89.49,yes,109.57,3.270,stable,tier3,10307,-6.7,10688,M,9464.3,no,1,haack,0.5286,barrowman:0.5286,no,,
401,401_ORK_PR2.ork,ORK Single Sim,ok,O4597,no,26745,6.12,119.54,yes,databranch_t0,111.250,yes,80.59,yes,21.65,,,tier1_no_motor,,,6686,,,no,1,haack,0.3922,n/a,no,motor,
402,402_ORK_PR2.ork,402_ORK_PR2,ok,O4350-WY623-I26a-T,no,34121,6.23,162.50,yes,component_sum+geom,61.192,no,,yes,134.36,,,tier1_no_motor,,,8530,,,no,1,haack,0.6196,n/a,no,motor,
403,403_ORK_PR2.ork,403_ORK_PR2,ok,O4324,no,31005,6.13,139.19,yes,component_sum,68.126,no,,yes,108.31,,,tier1_no_motor,,,7751,,,no,1,haack,0.5396,n/a,no,motor,
404,404_ORK_PR2.ork,404,ok,O5507,no,,6.17,148.00,yes,databranch_t0,129.305,yes,99.76,yes,22.00,,,skipped_no_motor_no_apogee,,,,,,no,1,haack,0.4740,,no,motor,
406,406_ORK_PR2.ork,Team_406,ok,O4778,no,,6.12,126.60,yes,databranch_t0,125.178,yes,88.23,yes,13.33,,,skipped_no_motor_no_apogee,,,,,,no,1,ogive,0.4306,,no,motor,
407,407_ORK_PR2.ork,Comp rocket 2026,ok,O6535,no,31806,6.17,141.00,yes,databranch_t0,125.231,yes,100.79,yes,114.00,,,tier1_no_motor,,,7952,,,no,1,haack,0.5742,n/a,no,motor,
40,40_ORK_PR2.ork,Team 40 (Old Dominion University),ok,M1845NT,yes,10859,5.16,96.00,yes,databranch_t0,50.640,yes,63.66,yes,13.33,-9.754,unstable,tier3,12968,19.4,9741,M,8066.3,no,1,ogive,0.3871,barrowman:0.3871,no,,
42,42_ORK_PR2.ork,42,ok,M2500T,yes,10618,6.00,112.00,yes,component_sum+geom,35.999,no,,yes,5.33,,,tier3,12670,19.3,12978,M,9464.3,no,1,haack,0.4102,barrowman:0.4102,no,,
44,44_ORK_PR2.ork,Rocket,ok,M1800FJ,yes,11184,5.15,89.00,yes,databranch_t0,53.649,yes,51.73,yes,13.33,-7.456,unstable,tier3,13059,16.8,10001,M,8212.7,no,1,ogive,0.3631,barrowman:0.3631,no,,
47,47_ORK_PR2.ork,Rocket,ok,N2000W,yes,13301,6.17,130.81,yes,databranch_t0,72.576,yes,84.41,yes,107.29,3.708,stable,tier3,13404,0.8,13660,N,13060.9,no,1,haack,0.5276,barrowman:0.5276,yes,,"override: motor [motor_designation: Motor designation differs â€” OR XML has ""N2000W"", we matched ""N3300R""]"
48,48_ORK_PR2.ork,Team48_ORK_PR2,ok,L2500ST,yes,11115,4.06,77.88,yes,component_sum+geom,19.495,no,,yes,10.67,,,tier3,11952,7.5,12838,L,4671.8,no,1,haack,0.3971,barrowman:0.3971,no,,
49,49_ORK_PR2.ork,Team 49,ok,M2400T,yes,10657,5.15,106.50,yes,databranch_t0,49.231,yes,72.17,yes,88.17,3.107,stable,tier3,10741,0.8,11328,M,7541.1,no,1,ogive,0.5301,barrowman:0.5301,no,,
502,502_OPK_PR2.ork,IREC 2026,ok,O5500X-PS,yes,31607,5.83,185.83,yes,component_sum+geom,77.655,no,,yes,153.93,,,tier1_multistage_or,,0.0,7902,O,21395.4,yes,2,haack,0.7384,n/a,yes,,"override: motor [motor_designation: Motor designation differs â€” OR XML has ""O5500X-PS"", we matched ""M1939W""] | MULTI-STAGE (2 stages, motors: M1939W / O5500X-PS): using OR stored apogee (full multi-stage sim)"
52,52_ORK_PR2.ork,Rocket,ok,M2500T,yes,11081,6.10,114.57,yes,databranch_t0,55.228,yes,74.25,yes,88.80,2.384,stable,tier3,11717,5.7,11949,M,9464.3,no,1,ellipsoid,0.4538,barrowman:0.4538,yes,,"override: nosecone_type [nosecone_type: OR XML says ""ellipsoid"", we used ""ogive""]"
54,54_ORK_PR2.ork,Team 54,ok,M2500T,yes,11298,6.06,112.80,yes,component_sum+geom,32.819,no,,yes,83.11,,,tier3,12622,11.7,12482,M,9464.3,no,1,haack,0.4351,barrowman:0.4351,no,,
602,602_ORK_PR2.ork,602_ORK_PR2,ok,17790N4100-P,yes,44948,4.02,205.00,yes,databranch_t0,88.948,yes,117.56,yes,159.32,,,tier1_multistage_or,,0.0,11237,N,17734.7,yes,2,haack,1.1078,n/a,yes,,"override: motor [motor_designation: Motor designation differs â€” OR XML has ""17790N4100-P"", we matched ""8429M2020-P""] | MULTI-STAGE (2 stages, motors: 8429M2020-P / 17790N4100-P): using OR stored apogee (full multi-stage sim)"
604,604_ORK_PR2.ork,Rocket,ok,O5500X-PS,yes,43668,5.17,224.50,yes,databranch_t0,131.689,yes,129.33,yes,180.33,,,tier1_multistage_or,,0.0,10917,O,21395.4,yes,2,ogive,1.0052,n/a,yes,,"override: motor [motor_designation: Motor designation differs â€” OR XML has ""O5500X-PS"", we matched ""N4000W-PS""] | MULTI-STAGE (2 stages, motors: N4000W-PS / O5500X-PS): using OR stored apogee (full multi-stage sim)"
62,62_ORK_PR2.ork,Rocket,ok,M2500T,yes,10230,6.00,120.00,yes,databranch_t0,53.248,yes,77.17,yes,93.81,2.774,stable,tier3,11849,15.8,11787,M,9464.3,no,1,ogive,0.4950,barrowman:0.4950,no,,
67,67_ORK_PR2.ork,Rocket,ok,M2000R,yes,9783,6.17,121.87,yes,databranch_t0,59.450,yes,81.65,yes,100.62,3.072,stable,tier3,10089,3.1,10566,M,9116.6,no,1,haack,0.5131,barrowman:0.5131,no,,
6,6_ORK_PR2.ork,QUANTUM ROCKET,ok,NEW-TFM1850W,no,10320,5.12,110.24,yes,databranch_t0,53.843,yes,66.69,yes,81.29,,,tier1_no_motor,,,2580,,,no,1,parabolic,0.5479,n/a,no,motor,
703,703_ORK_PR2.ork,Rocket,ok,Khoas_CDR,no,12045,6.17,171.11,yes,databranch_t0,115.967,yes,113.15,yes,20.00,,,tier1_no_motor,,,3011,,,no,1,haack,0.5492,n/a,no,motor,
711,711_ORK_PR2 (1).ork,711,ok,M560,no,9648,5.47,88.98,yes,databranch_t0,51.163,yes,53.62,yes,9.19,,,tier1_no_motor,,,2412,,,no,1,ogive,0.3558,n/a,no,motor,
711,711_ORK_PR2.ork,711,ok,M560,no,9648,5.47,88.98,yes,databranch_t0,51.163,yes,53.62,yes,9.19,,,tier1_no_motor,,,2412,,,no,1,ogive,0.3558,n/a,no,motor,
75,75_ORK_PR2.ork,75_ORK_PR2,ok,M1850W,yes,11538,6.12,101.00,yes,databranch_t0,42.479,yes,60.79,yes,74.23,2.197,stable,tier3,11470,-0.6,11051,M,7791.4,no,1,ogive,0.4349,barrowman:0.4349,no,,
76,76_ORK_PR2.ork,Rocket,ok,M2500T,yes,10151,6.17,123.00,yes,databranch_t0,64.941,yes,81.02,yes,24.00,-9.242,unstable,tier3,10774,6.1,8278,M,9464.3,no,1,ogive,0.3952,barrowman:0.3952,no,,
79,79_ORK_PR2.ork,79,ok,8429M2020-P,yes,10119,6.17,127.87,yes,databranch_t0,52.472,yes,77.01,yes,88.76,1.904,stable,tier3,10590,4.6,10826,M,8428.7,no,1,ogive,0.4650,barrowman:0.4650,no,,
7,7_CukurovaUniversity_Progress_Report2.ork,Rocket,ok,M1850W,yes,10196,5.51,106.30,yes,databranch_t0,48.208,yes,71.46,yes,86.19,2.674,stable,tier3,11186,9.7,11546,M,7791.4,no,1,haack,0.4769,barrowman:0.4769,no,,
81,81_ORK_PR2.ork,Rocket,ok,M2500T,yes,11239,5.15,112.25,yes,databranch_t0,64.342,yes,74.80,yes,87.55,2.475,stable,tier3,11148,-0.8,12358,M,9464.3,no,1,haack,0.5310,barrowman:0.5310,no,,
84,84_ORK_PR2.ork,IREC Team 84,ok,M1315W,yes,10516,5.15,104.15,yes,override,10.780,no,,yes,79.63,,,tier3,11480,9.2,6985,M,6545.1,no,1,haack,0.4880,barrowman:0.4880,yes,,"override: motor [motor_designation: OR XML has 'M1315W'. mass_lb locked to <mass>-only sum (10.78lb) â€” <overridemass> elements are replacement overrides that double-count with parent <mass> elements in this file. Session 8: reverted from M1350W / fullSum experiment that caused -27% regression (was +27% with this config, which is conservative).]"
87,87_ORK_PR2.ork,Rocket,ok,M1939W,yes,10460,6.17,146.00,yes,databranch_t0,64.326,yes,97.95,yes,115.28,2.808,stable,tier3,10008,-4.3,10355,N,10240.9,no,1,conical,0.6267,barrowman:0.6267,no,,
90,90_ORK_PR2.ork,90,ok,M2500T,yes,8355,6.17,143.55,yes,databranch_t0,70.347,yes,98.31,yes,118.84,3.328,stable,tier3,8426,0.9,9213,M,9464.3,no,1,haack,0.6089,barrowman:0.6089,no,,
91,91_ORK_PR2.ork,91_ORK_PR2,ok,M2500T,yes,9937,6.00,113.23,yes,databranch_t0,62.591,yes,73.86,yes,89.27,2.569,stable,tier3,10977,10.5,11879,M,9464.3,no,1,ogive,0.4398,barrowman:0.4398,no,,
92,92_All Glass No Breaks_ORK_PR2.ork,All Glass No Brakes v1,ok,N4000W-PS,yes,9866,6.20,205.28,yes,databranch_t0,112.625,yes,131.34,yes,174.32,,,tier1_multistage_or,,0.0,2467,N,18278.3,yes,2,haack,0.7987,n/a,no,,"MULTI-STAGE (2 stages, motors: N4000W-PS): using OR stored apogee (full multi-stage sim)"
98,98_ORK_PR2.ork,HRC,ok,M2400T,yes,11997,5.79,95.30,yes,component_sum+geom,23.741,no,,yes,77.42,,,tier3,12262,2.2,11609,M,7541.1,no,1,haack,0.4264,barrowman:0.4264,yes,,"override: motor [motor_designation: OR XML has 'M2400T', we matched 'M2000R']"
99,99_ORK_PR2.ork,99 - Sabre III,ok,M2500T,yes,10537,6.17,117.00,yes,databranch_t0,67.547,yes,78.62,yes,24.62,-8.753,unstable,tier3,10472,-0.6,8393,M,9464.3,no,1,haack,0.3774,barrowman:0.3774,yes,,"override: motor [motor_designation: OR XML has 'M2500T', we matched 'M1075DM']"
,AirumãProgReport2.ork,AirumãProgReport2,ok,esseN3533,no,10368,6.22,105.79,yes,component_sum,50.176,no,,yes,11.81,,,tier1_no_motor,,,2592,,,no,1,haack,0.3666,n/a,no,motor,
,ATAKOR_IV_SkyDZ_10kft_COTS-.ork,ATAKOR 4,ok,M2500T,yes,10001,6.46,118.11,yes,databranch_t0,58.087,yes,78.15,yes,93.85,2.432,stable,tier3,10647,6.5,10899,M,9464.3,no,1,haack,0.4691,barrowman:0.4691,no,,
,bozdogan_irec_openrocket (1).ork,bozdogan_irec,ok,M1850W,yes,10779,4.92,92.13,yes,databranch_t0,54.101,yes,53.15,yes,8.92,-8.987,unstable,tier3,11548,7.1,9319,M,7791.4,no,1,parabolic,0.4089,barrowman:0.4089,no,,
,bozdogan_irec_openrocket.ork,bozdogan_irec,ok,M1850W,yes,10779,4.92,92.13,yes,databranch_t0,54.101,yes,53.15,yes,8.92,-8.987,unstable,tier3,11548,7.1,9319,M,7791.4,no,1,parabolic,0.4089,barrowman:0.4089,no,,
,Cloudburst Rev B-5 (IREC Progress Update #2).ork,Cloudburst Rev B-5 (IREC Progress Update #2),ok,N4000W-PS,yes,35761,4.16,117.00,yes,component_sum+geom,26.727,no,,yes,90.79,,,tier3,30740,-14.0,28007,N,18278.3,no,1,ogive,0.6799,barrowman:0.6799,yes,,"override: motor [motor_designation: OR XML has 'N4000W-PS', we matched '21062O3400-P']"
,CURSR_V_C13_PR2.ork,Rocket,ok,O5500X-PS,yes,31366,5.16,97.33,yes,databranch_t0,80.330,yes,71.73,yes,66.68,-0.979,unstable,tier3,27840,-11.2,15179,O,21395.4,no,1,conical,0.5326,barrowman:0.5326,no,,
,finalRocket_report_2.ork,finalRocket_report_1,ok,N2000W,yes,10870,6.00,144.00,yes,databranch_t0,87.779,yes,84.06,yes,56.53,-4.588,unstable,tier3,11571,6.4,9206,N,13060.9,no,1,haack,0.5102,barrowman:0.5102,no,,
,Full-Scale Progress Report 2 (1).ork,Full-Scale Progress Report 2,ok,M2500T,yes,11423,6.17,138.75,yes,component_sum+geom,36.722,no,,yes,107.94,,,tier3,11156,-2.3,11167,M,9464.3,no,1,haack,0.4993,barrowman:0.4993,no,,
,Full-Scale Progress Report 2.ork,Full-Scale Progress Report 2,ok,M2500T,yes,11423,6.17,138.75,yes,component_sum+geom,36.722,no,,yes,107.94,,,tier3,11156,-2.3,11167,M,9464.3,no,1,haack,0.4993,barrowman:0.4993,no,,
,GÖKÇENN.ork,GÖKÇEN,ok,M1850W,yes,10004,4.72,88.98,yes,databranch_t0,46.500,yes,54.06,yes,70.15,3.406,stable,tier3,10854,8.5,10885,M,7791.4,no,1,haack,0.7300,barrowman:0.7300,yes,,override: cd [cd_override: Mach 0.917 near-transonic — Barrowman CD 0.4811 underestimates. cd=0.63 gave 16.2%; iter2=0.73.]
,Heart_Attack_PR2.ork,Heart Attack,ok,M6000ST,yes,10126,6.13,139.63,yes,databranch_t0,61.187,yes,88.39,yes,21.00,-11.000,unstable,tier3,11029,8.9,7623,M,9604.6,no,1,ogive,0.4535,barrowman:0.4535,no,,
,Hyperion (V1.1).ork,Hyperion,ok,M2500T,yes,11208,6.17,95.34,yes,databranch_t0,61.784,yes,62.48,yes,74.95,2.022,stable,tier3,11144,-0.6,12002,M,9464.3,no,1,ogive,0.4133,barrowman:0.4133,no,,
,Integrity.ork,Rocket,ok,M2500,no,10792,4.02,72.00,yes,component_sum+geom,26.596,no,,yes,53.19,,,tier1_no_motor,,,2698,,,no,1,ogive,0.4448,n/a,no,motor,
,IREC 2026 - PR2.ork,Rocket,ok,M1939W,yes,13316,6.17,100.00,yes,component_sum+geom,45.119,no,,yes,80.26,,,tier3,11809,-11.3,12871,N,10240.9,no,1,haack,0.4159,barrowman:0.4159,no,,
,IREC 2026 PR2 V1.0.ork,222_ORK_PR2,ok,O5500X-PS,yes,32319,6.13,117.50,yes,databranch_t0,65.898,yes,90.94,yes,99.12,1.334,stable,tier3,38390,18.8,35041,O,21395.4,no,1,ogive,0.3000,barrowman:0.3000,yes,,"override: cd [Barrowman Cf=0.005 overestimates skin friction for this extreme-fineness rocket (fr=19.17, L=117.5in, D=6.13in). At burnout (alt=1766m, v=689m/s) Re~1.1e8 gives actual Cf~0.002, not 0.005. OR databranch confirms CD=0.276 at Mach 2.131. Numerical sweep (session 10): cdSub=0.30 reproduces OR apogee 32334ft to within 0.9%. Motor O5500X-PS, mass 29.891kg, geometry all confirmed correct â€” CD is sole source of -23.1% error.]"
,IREC 2026 V12.ork,Rocket,ok,N5500,no,36483,4.02,116.12,yes,databranch_t0,58.471,yes,74.80,yes,84.67,,,tier1_no_motor,,,9121,,,no,1,haack,0.6728,n/a,no,motor,
,IREC 2026 V2.ork,IREC 2026 V2,ok,Edna,no,27495,6.20,103.63,yes,databranch_t0,109.537,yes,99.49,yes,82.34,,,tier1_no_motor,,,6874,,,no,1,conical,0.5399,n/a,no,motor,
,IREC 2026_National Institute of Technology Tiruchirapalli Rocketry Team.ork,Umbreon,ok,M2500T,yes,10073,6.10,102.36,yes,component_sum+geom,30.483,no,,yes,77.52,,,tier3,10589,5.1,9788,M,9464.3,no,1,ogive,0.6400,barrowman:0.6400,yes,,override: cd [cd_override: Mach 0.959 near-transonic — cdMachOgive gives zero correction below M=1.3 but fins/base drag increase near transonic. Correction (2 iterations): 0.64.]
,irec2026 submitted.ork,irec 2026,ok,N3366,no,11775,6.14,111.34,yes,component_sum+geom,33.175,no,,yes,86.80,,,tier1_no_motor,,,2944,,,no,1,ogive,0.4408,n/a,no,motor,
,irecHybrid.ork,irecHybrid,ok,Hibo-Deneysel,no,12094,6.30,148.98,yes,databranch_t0,104.076,yes,94.76,yes,110.46,,,tier1_no_motor,,,3023,,,no,1,haack,0.5779,n/a,no,motor,
,IRECteam25_Odysseus.ork,IREC_ORK18,ok,N3300R,yes,11360,7.10,140.00,yes,databranch_t0,89.338,yes,86.81,yes,98.41,1.634,stable,tier3,11440,0.7,12197,N,14034.4,no,1,haack,0.4671,barrowman:0.4671,no,,
,IREC_2026_V7_(For Progress Report 2).ork,IREC_2026_V7,ok,O5500X-PS,yes,27422,5.53,143.62,yes,databranch_t0,76.520,yes,95.67,yes,106.07,1.883,stable,tier3,23767,-13.3,21227,O,21395.4,no,1,haack,0.6184,barrowman:0.6184,no,,
,IREC_Comp_ Roc_V2_2-15-2026.ork,Comp_Rocket_2/15/2026_V2,ok,O5500X-PS,yes,38222,4.00,112.45,yes,databranch_t0,62.316,yes,64.69,yes,87.56,5.719,stable,tier3,40292,5.4,35981,O,21395.4,no,1,ogive,0.6967,barrowman:0.6967,no,,
,IREC_version_04.ork,IREC_version_04,ok,N3300R,yes,11886,6.89,121.85,yes,databranch_t0,91.110,yes,79.61,yes,97.69,2.625,stable,tier3,11956,0.6,13093,N,14034.4,no,1,haack,0.4232,barrowman:0.4232,no,,
,Juno18.ork,Juno 18,ok,M2500T,yes,12280,6.17,116.80,yes,databranch_t0,56.952,yes,74.69,yes,20.53,-8.777,unstable,tier3,12381,0.8,8590,M,9464.3,no,1,ogive,0.3839,barrowman:0.3839,yes,,"override: motor [motor_designation: OR XML has 'M2500T', we matched 'M1845NT']"
,kapsül_konuralp_rocket_team.ork,Rocket,ok,M1419W,yes,10117,6.06,100.39,yes,databranch_t0,50.113,yes,66.54,yes,78.07,1.903,stable,tier3,9725,-3.9,10510,M,7585.2,no,1,haack,0.4589,barrowman:0.4589,no,,
,Kennesaw Rocketry Team IREC 2025 - 2026 Rocket (Updated 2-6-26).ork,Kennesaw Rocketry Team IREC 2025 - 2026 Rocket (Updated 2-6-26),ok,M2100G,yes,10225,6.17,101.68,yes,databranch_t0,49.697,yes,68.66,yes,80.64,1.942,stable,tier3,10095,-1.3,10451,M,7655.8,no,1,ogive,0.4354,barrowman:0.4354,no,,
,Kocatepe Rocket IREC.ork,Kocatepe Rocket IREC 2026,ok,M1850W,yes,10662,5.16,98.82,yes,databranch_t0,49.046,yes,59.33,yes,68.21,1.721,stable,tier3,11593,8.7,12215,M,7791.4,no,1,haack,0.4858,barrowman:0.4858,no,,
,lv2026PostJanfab.ork,Rocket,ok,Runtank,no,11831,6.17,212.42,yes,databranch_t0,139.363,yes,135.35,yes,20.00,,,tier1_no_motor,,,2958,,,yes,2,haack,0.6779,n/a,no,motor,
,M6000ST-0 (1).ork,M6000ST,ok,M6000ST,yes,10005,5.91,118.11,yes,databranch_t0,64.549,yes,77.76,yes,92.47,2.491,stable,tier3,10447,4.4,11103,M,9604.6,no,1,parabolic,0.4953,barrowman:0.4953,no,,
,Night Owl.ork,Rocket,ok,M2000R,yes,12360,6.17,110.00,yes,component_sum+geom,34.760,no,,yes,85.79,,,tier3,11136,-9.9,11283,M,9116.6,no,1,ogive,0.4781,barrowman:0.4781,yes,,"override: motor [motor_designation: OR XML has 'M2000R', we matched 'L2200G']"
,PR2 Project OCTOPUS Simulation.ork,octopus aerotech simulare speciala,ok,O5500X-PS,yes,31831,5.35,115.16,yes,databranch_t0,74.375,yes,70.47,yes,83.54,2.441,stable,tier3,28634,-10.0,26173,O,21395.4,no,1,ogive,0.5241,barrowman:0.5241,no,,
,PR2_Diva.ork,Diva,ok,M2500T,yes,10370,5.15,105.07,yes,databranch_t0,64.176,yes,60.04,yes,13.33,-9.069,unstable,tier3,12116,16.8,9818,M,9464.3,no,1,ogive,0.4200,barrowman:0.4200,no,,
,Progress Report 2 Submission.ork,Method of Sections,ok,M2500T,yes,12076,6.17,111.85,yes,databranch_t0,59.933,yes,80.08,yes,91.81,1.901,stable,tier3,11381,-5.8,12081,M,9464.3,no,1,haack,0.4191,barrowman:0.4191,no,,
,Progress report 2.ork,Rocket,ok,M1350W,yes,10238,5.08,93.00,yes,component_sum+geom,15.042,no,,yes,70.69,,,tier3,11664,13.9,10769,M,5158.0,no,1,ogive,0.4313,barrowman:0.4313,no,,
,ProjectSolarFlare_v1.1.ork,Rocket,ok,M641,no,12378,3.94,139.00,yes,databranch_t0,39.635,yes,74.45,yes,94.50,,,tier1_no_motor,,,3094,,,no,1,ogive,0.7745,n/a,no,motor,
,rocket.ork,Rocket of Second Progress,ok,Mandioca_novo,no,11003,6.46,110.91,yes,component_sum+geom,45.373,no,,yes,91.26,,,tier1_no_motor,,,2751,,,no,1,haack,0.4256,n/a,no,motor,
,RocketFileQ29.ork,Rocket,ok,O5500X-PS,yes,27457,6.00,133.00,yes,component_sum+geom,29.956,no,,yes,36.43,,,tier3,29276,6.6,25286,O,21395.4,no,1,ogive,0.4394,barrowman:0.4394,yes,,"override: motor [motor_designation: OR XML has 'O5500X-PS', we matched 'M1850W']"
,SACCUP-2026.ork,Altair,ok,North_StarV2_Sim,no,10143,6.00,127.03,yes,databranch_t0,109.598,yes,98.03,yes,98.51,,,tier1_no_motor,,,2536,,,no,1,ogive,0.5100,n/a,no,motor,
,SCRT 2026 Full Scale Final Revision 6 PR2.ork,Rocket,ok,N3041,no,10860,6.24,120.00,yes,databranch_t0,72.922,yes,73.94,yes,91.08,,,tier1_no_motor,,,2715,,,no,1,ogive,0.5903,n/a,no,motor,
,Skyskraper_v6.ork,sapfjksdp,ok,M2400T,yes,10766,5.67,92.52,yes,databranch_t0,50.325,yes,64.09,yes,76.44,2.177,stable,tier3,10218,-5.1,10794,M,7541.1,no,1,haack,0.4700,barrowman:0.4700,no,,
,SolInvictus PR2.ork,Rocket,ok,CC,no,31036,6.00,200.69,yes,databranch_t0,148.902,yes,129.65,yes,154.85,,,tier1_no_motor,,,7759,,,no,1,haack,0.7321,n/a,no,motor,
,StratospartanIIIFinalSim.ork,Rocket,ok,M2400T,yes,8815,6.10,104.87,yes,databranch_t0,55.177,yes,70.28,yes,81.25,1.798,stable,tier3,9049,2.7,9844,M,7541.1,no,1,haack,0.4440,barrowman:0.4440,no,,
,Talon N3300 Report 2.ork,Talon N3300 Report 2,ok,N3300R,yes,10009,8.00,136.00,yes,databranch_t0,98.696,yes,85.63,yes,26.67,-7.370,unstable,tier3,10528,5.2,8292,N,14034.4,no,1,ogive,0.3494,barrowman:0.3494,no,,
,Team 38 Mags 2.1 Submission 2.ork,Team 38,ok,9994M3400-P,yes,11446,6.17,82.00,yes,component_sum+geom,41.896,no,,yes,21.55,,,tier3,13143,14.8,13860,M,9951.5,no,1,ogive,0.3600,barrowman:0.3600,yes,,override: cd [cd_override: rocket reaches Mach 1.011 â€” transonic drag rise. Barrowman CD 0.29 (subsonic) underestimates drag at Mach ~1. Effective CD correction: 0.2890 Ã— (14379/11446) = 0.36. Mass is correct (verified OR 1.10 format: overridemass children are active overrides).]
,Team102_ORK_PR2.ork,Fullscale V.2.9.26,ok,M2500T,yes,10000,6.13,114.00,yes,databranch_t0,69.408,yes,70.67,yes,92.07,3.493,stable,tier3,9248,-7.5,10272,M,9464.3,no,1,haack,0.5001,barrowman:0.5001,no,,
,Team219_ORK_PR2.ork,Arluuk 4,ok,O5500X-PS,yes,28587,6.49,121.75,yes,override,74.737,yes,87.32,yes,20.00,-10.380,unstable,tier3,27146,-5.0,13611,O,21395.4,no,1,ogive,0.3840,barrowman:0.3840,yes,,
,Team315_ORK_PR2.ork,Team 315,ok,N2220DM,yes,,6.21,143.65,yes,databranch_t0,71.348,yes,98.98,yes,125.08,4.204,stable,tier3,10140,,10608,N,10771.6,no,1,haack,0.5893,barrowman:0.5893,no,,
,Team45_ORK_PR2.ork,Team45_ORK_PR2,ok,N3300R,yes,12895,6.17,141.50,yes,databranch_t0,89.609,yes,92.05,yes,117.73,4.162,stable,tier3,12176,-5.6,13238,N,14034.4,no,1,haack,0.5257,barrowman:0.5257,no,,
,Team503_UFRJ_Hemerav1_Solid_SRAD_10kft_(Single_Stage).ork,Hemera v.1,ok,N3654,no,10009,6.77,109.65,yes,component_sum,41.767,no,,yes,88.02,,,tier1_no_motor,,,2502,,,no,1,haack,0.4257,n/a,no,motor,
,Team600_ORK_PR2.ork,IREC 2026 Two Stage,ok,M6000ST,yes,49377,4.00,164.00,yes,databranch_t0,81.218,yes,94.88,yes,140.83,,,tier1_multistage_or,,0.0,12344,M,9604.6,yes,2,haack,0.9272,n/a,yes,,"override: motor [motor_designation: Motor designation differs â€” OR XML has ""M6000ST"", we matched ""M1939W""] | MULTI-STAGE (2 stages, motors: M1939W / M6000ST): using OR stored apogee (full multi-stage sim)"
,Team71_ORK_PR2.ork,Team71_ORK_PR2,ok,M6000ST,yes,9913,6.17,110.00,yes,databranch_t0,68.910,yes,70.35,yes,84.50,2.293,stable,tier3,9719,-2.0,10535,M,9604.6,no,1,ogive,0.4696,barrowman:0.4696,no,,
,Team74_ORK_PR2.ork,Team74_ORK_PR2,ok,M2400T,yes,10666,5.15,99.00,yes,databranch_t0,50.215,yes,63.43,yes,34.50,-5.617,unstable,tier3,11845,11.1,9006,M,7541.1,no,1,haack,0.3948,barrowman:0.3948,no,,
,Team78_ORK_PR2.ork,Rocket,ok,M2500T,yes,10613,6.17,127.00,yes,databranch_t0,66.253,yes,81.14,yes,22.67,-9.477,unstable,tier3,10405,-2.0,8070,M,9464.3,no,1,haack,0.4096,barrowman:0.4096,no,,
,Team9_ORK_PR2.ork,KuN552,ok,M1850W,yes,11263,4.53,100.39,yes,databranch_t0,47.723,yes,62.52,yes,6.56,-12.359,unstable,tier3,13384,18.8,9829,M,7791.4,no,1,power,0.4682,barrowman:0.4682,yes,,"override: nosecone_type [nosecone_type: OR XML says 'power', we used 'parabolic']"
,Team_316_ORK_PR2.ork,IPR2_ORK,ok,N2221,no,11942,5.98,111.30,yes,databranch_t0,76.692,yes,72.09,yes,82.04,,,tier1_no_motor,,,2985,,,no,1,haack,0.4226,n/a,no,motor,
,Team_85-HSR-2.ork,HSR-2,ok,N3300R,yes,10217,5.91,130.67,yes,component_sum+geom,76.794,no,,yes,98.79,,,tier3,10737,5.1,12586,N,14034.4,no,1,haack,0.5009,barrowman:0.5009,no,,
,Thunderbolt Progress Report 2 (2.15.26).ork,Thunderbolt ,ok,M2281-BF,yes,9347,4.02,134.00,yes,component_sum+geom,23.417,no,,yes,105.86,,,tier3,9964,6.6,10321,M,5536.2,no,1,ogive,0.7472,barrowman:0.7472,no,,
,Valkyrie_Rev5_PR2.ork,Rocket,ok,N2674,no,9987,6.17,137.85,yes,databranch_t0,75.771,yes,90.39,yes,100.27,,,tier1_no_motor,,,2497,,,no,1,haack,0.5359,n/a,no,motor,
,Varun_e_2pr.ork,irec2026,ok,Kali_N3513,no,10769,6.06,107.80,yes,databranch_t0,78.410,yes,64.65,yes,77.73,,,tier1_no_motor,,,2692,,,no,1,ogive,0.4268,n/a,no,motor,
,Vecihi-X.ork,Azak Rocket Team,ok,M2400T,yes,10046,5.91,108.27,yes,databranch_t0,54.333,yes,69.92,yes,11.81,-9.840,unstable,tier3,9902,-1.4,7607,M,7541.1,no,1,ogive,0.3894,barrowman:0.3894,no,,
,WildcatVI_progressReportOne.ork,Wildcat VI Progress Report 1,ok,M2500T,yes,10206,6.17,139.00,yes,component_sum+geom,42.814,no,,yes,102.25,,,tier3,10580,3.7,11097,M,9464.3,no,1,haack,0.4869,barrowman:0.4869,yes,,"override: motor [motor_designation: OR XML has 'M2500T', we matched 'N2000W'. Mass override removed (session 8): extractMass now includes overridemass, motor added automatically.]"
,XT4_2ND.ork,Cohete Sin Nombre,ok,M2400T,yes,11107,6.50,101.97,yes,component_sum+geom,37.881,no,,yes,66.21,,,tier3,9515,-14.3,10098,M,7541.1,no,1,power,0.3944,barrowman:0.3944,yes,,"override: nosecone_type [nosecone_type: OR XML says ""power"", we used ""parabolic""]"